ID,town,country,age,job,married,education,arrears,current_balance,housing,has_tv_package,last_contact,conn_tr,last_contact_this_campaign_day,last_contact_this_campaign_month,this_campaign,days_since_last_contact_previous_campaign,contacted_during_previous_campaign,outcome_previous_campaign,new_contract_this_campaign
32390233,Bristol,UK,39,management,married,tertiary,no,-1.9,no,yes,unknown,4,11,jun,8,-1,0,unknown,yes
41226029,Basildon,UK,53,housemaid,married,primary,no,3.62,no,no,cellular,1,28,jul,2,-1,0,unknown,yes
85498057,Blackburn,UK,79,retired,divorced,primary,no,27.87,no,no,telephone,3,13,jul,1,377,1,success,yes
76539627,Oldham,UK,43,services,single,secondary,no,5.5,yes,no,cellular,3,13,may,2,-1,0,unknown,no
76290986,Middlesbrough,UK,35,technician,single,secondary,no,3.44,no,no,cellular,2,27,aug,16,-1,0,unknown,yes
68021702,Poole,UK,24,student,single,secondary,no,1.39,no,no,cellular,2,9,sep,4,-1,0,unknown,yes
96070931,Stockport,UK,49,blue-collar,divorced,primary,no,0.24,yes,no,cellular,2,11,may,1,362,1,success,yes
30634833,Wolverhampton,UK,54,self-employed,single,tertiary,no,3.84,no,yes,cellular,4,27,may,1,-1,0,unknown,yes
86937259,Eastbourne,UK,29,services,married,primary,no,-1.02,no,no,unknown,5,4,jul,1,-1,0,unknown,no
61290308,Weston-super-Mare,UK,56,blue-collar,single,secondary,no,11.87,yes,no,cellular,2,5,feb,2,-1,0,unknown,no
76902524,London,UK,47,blue-collar,married,primary,no,41.57,no,no,unknown,1,11,jun,3,-1,0,unknown,no
35727526,Bristol,UK,33,blue-collar,married,secondary,no,0,yes,no,cellular,1,19,nov,2,-1,0,unknown,no
16802872,Sheffield,UK,41,blue-collar,married,secondary,no,1.93,yes,no,unknown,1,29,may,1,-1,0,unknown,no
62778549,Leeds,UK,41,blue-collar,married,secondary,no,28.23,yes,no,unknown,1,14,may,1,-1,0,unknown,yes
31483237,Raleigh,UK,44,admin.,single,secondary,no,15.34,no,no,cellular,4,7,aug,1,99,2,other,yes
99473155,Cambridge,UK,29,technician,single,secondary,no,5.9,no,no,cellular,2,25,may,1,-1,0,unknown,yes
44042963,Kingston upon Hull,UK,53,blue-collar,married,secondary,no,57,yes,no,unknown,3,14,may,1,-1,0,unknown,no
77345705,Bristol,UK,56,unemployed,single,primary,no,11.1,no,no,cellular,3,4,feb,2,-1,0,unknown,yes
23771239,Milton Keynes,UK,32,management,married,tertiary,no,0.62,yes,n,telephone,2,13,nov,1,-1,0,unknown,no
27238445,Nottingham,UK,42,admin.,married,primary,no,15.47,yes,yes,unknown,2,27,may,3,-1,0,unknown,no
93519999,Woking,UK,41,technician,divorced,secondary,no,16.31,yes,no,cellular,2,12,aug,2,-1,0,unknown,no
31778246,Birmingham,UK,66,management,married,secondary,no,5.87,no,no,cellular,2,12,may,2,392,2,success,yes
63124393,Bristol,UK,37,management,married,tertiary,no,67.71,no,no,cellular,4,5,mar,1,-1,0,unknown,yes
74234105,Basingstoke,UK,34,blue-collar,single,secondary,no,0.79,no,yes,cellular,2,20,nov,1,-1,0,unknown,no
30895310,Oxford,UK,55,admin.,married,secondary,no,6.02,no,no,cellular,1,4,feb,2,150,6,success,yes
96457436,Middlesbrough,UK,29,technician,single,tertiary,no,0,yes,no,cellular,5,7,may,2,337,6,failure,yes
79810184,Luton,UK,56,unemployed,married,secondary,no,6.6,yes,no,unknown,5,6,jun,3,-1,0,unknown,no
52630800,Manchester,UK,47,management,married,tertiary,no,0.6,no,no,unknown,4,2,jun,7,-1,0,unknown,no
19936814,Bristol,UK,56,services,divorced,secondary,no,0.72,yes,yes,cellular,4,7,may,1,357,4,failure,no
83613100,Glasgow,UK,50,blue-collar,married,unknown,no,6.05,yes,no,unknown,4,15,may,1,-1,0,unknown,no
11594394,Birmingham,UK,48,services,divorced,primary,no,-1.1,no,yes,unknown,5,19,jun,2,-1,0,unknown,no
39588931,Worthing,UK,36,unemployed,divorced,secondary,no,0.05,yes,no,cellular,5,8,jul,1,-1,0,unknown,no
80078825,Glasgow,UK,42,technician,married,secondary,no,0,no,no,cellular,3,30,jul,2,-1,0,unknown,no
90010956,Milton Keynes,UK,40,technician,married,secondary,no,1.92,no,no,cellular,3,7,aug,2,-1,0,unknown,no
83187825,Darlington,UK,35,admin.,single,secondary,no,1.82,yes,no,unknown,2,3,jun,1,-1,0,unknown,no
98606973,Sunderland,UK,38,self-employed,married,secondary,no,2.15,yes,no,cellular,1,20,nov,1,167,1,failure,no
94099145,Birmingham,UK,27,management,single,tertiary,no,129.56,yes,no,unknown,3,29,may,3,-1,0,unknown,yes
99935540,Birkenhead,UK,35,entrepreneur,married,secondary,no,29.71,no,no,cellular,3,4,may,4,164,2,failure,yes
35892677,Blackburn,UK,37,management,married,tertiary,no,35.56,no,no,cellular,4,9,nov,1,-1,0,unknown,yes
47657568,Chelmsford,UK,37,services,married,secondary,no,0.01,no,no,unknown,5,15,may,2,-1,0,unknown,no
88121649,Middlesbrough,UK,32,blue-collar,married,secondary,no,3.2,yes,yes,cellular,3,3,feb,4,-1,0,unknown,no
13676851,Cardiff,UK,33,management,married,tertiary,no,34.01,no,no,cellular,4,20,nov,1,-1,0,unknown,yes
79004615,Bristol,UK,27,blue-collar,single,secondary,no,1.81,no,no,unknown,2,13,may,1,-1,0,unknown,no
91177825,Birmingham,UK,37,management,married,tertiary,no,11.25,yes,no,unknown,4,3,jun,1,-1,0,unknown,no
23099795,Cheltenham,UK,58,retired,divorced,tertiary,no,4.99,yes,yes,cellular,4,29,jan,1,-1,0,unknown,no
76399654,Chelmsford,UK,44,technician,single,secondary,no,71.38,no,no,cellular,3,8,aug,2,-1,0,unknown,yes
49347931,Portsmouth,UK,35,management,single,tertiary,no,17.5,yes,no,cellular,4,21,apr,3,-1,0,unknown,yes
40887429,Bath,UK,18,student,single,unknown,no,1.08,no,no,cellular,2,8,sep,1,-1,0,unknown,yes
56238521,Chester,UK,30,blue-collar,divorced,secondary,yes,4.57,yes,no,unknown,1,20,jun,20,-1,0,unknown,no
21146293,Birmingham,UK,40,technician,married,secondary,no,73.13,yes,no,cellular,2,18,nov,2,182,1,failure,no
38926013,Bradford,UK,53,management,married,tertiary,no,13.56,yes,no,cellular,1,5,aug,2,93,2,failure,no
63031105,Glasgow,UK,59,admin.,married,secondary,no,37.35,no,no,cellular,1,18,mar,4,121,2,failure,yes
91358969,Eastbourne,UK,28,self-employed,married,secondary,no,-5.22,yes,yes,cellular,1,18,may,2,-1,0,unknown,yes
56855153,Coventry,UK,38,unknown,single,tertiary,no,0,no,no,cellular,5,11,sep,3,95,3,success,yes
99894542,Liverpool,UK,31,management,single,tertiary,no,0,no,no,cellular,5,25,aug,12,-1,0,unknown,no
53657882,Bournemouth,UK,39,admin.,married,primary,no,4.44,yes,no,cellular,3,8,may,2,-1,0,unknown,no
23024755,London,UK,41,blue-collar,married,primary,no,5.12,yes,no,unknown,2,6,may,2,-1,0,unknown,no
53510157,Dundee,UK,26,technician,single,secondary,no,-2.11,yes,no,unknown,2,23,may,3,-1,0,unknown,no
28590801,Cardiff,UK,51,technician,married,secondary,no,1,no,no,cellular,4,2,feb,2,-1,0,unknown,yes
53573371,County Down,UK,50,admin.,divorced,secondary,no,0.81,no,yes,cellular,3,21,nov,1,-1,0,unknown,no
44067604,Liverpool,UK,33,management,single,tertiary,no,0.3,yes,no,cellular,1,22,jul,1,-1,0,unknown,yes
40352223,Exeter,UK,55,services,married,secondary,no,2.83,yes,no,unknown,1,19,may,1,-1,0,unknown,no
55519056,Dundee,UK,53,management,married,unknown,no,5.27,yes,no,cellular,3,23,jul,3,-1,0,unknown,no
46473529,Manchester,UK,58,technician,married,secondary,no,33.99,no,no,telephone,1,30,nov,2,188,8,success,yes
41578010,Cambridge,UK,33,management,married,tertiary,no,18.08,no,no,cellular,2,28,dec,3,-1,0,unknown,yes
30058678,Derby,UK,42,blue-collar,married,unknown,no,1.49,yes,no,telephone,3,23,jul,3,-1,0,unknown,no
40559947,Derby,UK,29,unemployed,single,unknown,no,0.67,no,no,cellular,3,28,jan,2,-1,0,unknown,no
15106794,Swindon,UK,55,housemaid,married,primary,no,36.8,no,no,unknown,2,16,jun,1,-1,0,unknown,no
82295363,Stockport,UK,31,self-employed,single,secondary,no,7.62,no,no,cellular,3,11,aug,3,-1,0,unknown,no
98278895,London,UK,33,management,married,tertiary,no,10.47,no,no,cellular,2,8,aug,4,-1,0,unknown,yes
32117161,Poole,UK,44,services,divorced,secondary,no,2.06,yes,no,cellular,1,14,may,1,365,1,failure,no
52015525,London,UK,30,services,single,secondary,no,-1.14,yes,no,cellular,3,21,jul,2,-1,0,unknown,no
46613360,Edinburgh,UK,46,admin.,divorced,secondary,no,-6.37,yes,no,cellular,1,17,nov,1,-1,0,unknown,no
55368239,Worthing,UK,57,management,married,primary,no,25.38,no,yes,telephone,4,17,jul,2,-1,0,unknown,no
36966240,Glasgow,UK,46,admin.,married,secondary,no,5.26,no,yes,cellular,3,31,jul,3,-1,0,unknown,no
17046065,Bristol,UK,75,retired,divorced,secondary,no,21.99,no,no,telephone,1,13,nov,1,-1,0,unknown,no
49991359,Eastbourne,UK,32,blue-collar,single,tertiary,no,30.14,yes,no,cellular,2,7,may,2,-1,0,unknown,no
87527336,Hartlepool,UK,31,student,single,tertiary,no,3.07,no,no,cellular,1,20,nov,2,-1,0,unknown,no
17341276,Glasgow,UK,65,retired,divorced,secondary,no,7.44,no,no,cellular,2,5,jul,1,-1,0,unknown,no
98163800,Manchester,UK,43,unemployed,married,secondary,no,2.1,yes,no,unknown,4,12,may,5,-1,0,unknown,no
91691245,Liverpool,UK,28,management,single,secondary,no,-5.13,no,yes,cellular,2,29,jul,8,-1,0,unknown,no
74315942,Gateshead,UK,54,technician,married,secondary,no,101.85,no,no,cellular,1,12,feb,1,186,3,success,yes
25480212,Rochdale,UK,37,self-employed,married,secondary,no,7.44,yes,yes,cellular,4,21,aug,3,-1,0,unknown,no
15816789,Reading,UK,30,admin.,single,secondary,no,5.23,no,yes,cellular,5,12,jun,3,101,1,success,no
51159206,Hemel Hempstead,UK,48,housemaid,married,secondary,no,0,no,no,cellular,5,28,may,5,-1,0,unknown,yes
27401349,Wakefield,UK,41,services,married,unknown,yes,-0.01,no,yes,cellular,1,30,jul,4,-1,0,unknown,yes
92082396,Belfast,UK,29,admin.,single,tertiary,no,5.14,no,no,cellular,4,2,feb,1,-1,0,unknown,no
39347802,Birmingham,UK,73,retired,married,tertiary,no,18.43,no,no,cellular,1,11,sep,2,-1,0,unknown,yes
98121298,Worcester,UK,55,management,married,unknown,no,1.79,no,no,unknown,4,19,jun,1,-1,0,unknown,no
49382703,Newport,UK,48,self-employed,single,unknown,no,0,no,no,unknown,4,18,jun,1,-1,0,unknown,no
52570873,Manchester,UK,78,unknown,married,unknown,no,22.35,no,no,telephone,4,14,apr,3,-1,0,unknown,yes
91928500,Warrington,UK,37,management,single,tertiary,no,3.4,no,no,cellular,4,11,aug,4,-1,0,unknown,no
33901896,London,UK,75,retired,married,primary,no,14.13,no,no,cellular,4,1,sep,2,188,2,success,yes
60183760,Bristol,UK,38,technician,married,secondary,no,9.76,yes,no,cellular,4,14,jul,3,-1,0,unknown,yes
38609633,Liverpool,UK,54,entrepreneur,married,secondary,no,0,no,no,unknown,1,9,jun,1,-1,0,unknown,no
75656528,Newport,UK,41,management,married,tertiary,no,0,yes,no,unknown,4,13,may,1,-1,0,unknown,no
83208583,Rochdale,UK,55,retired,married,secondary,no,14.31,no,yes,cellular,1,28,jan,1,-1,0,unknown,no
88972861,Sutton Coldfield,UK,48,admin.,married,secondary,no,0.5,no,yes,cellular,2,21,oct,1,-1,0,unknown,yes
50694103,Edinburgh,UK,30,management,single,tertiary,no,0.02,yes,yes,cellular,2,25,jul,8,-1,0,unknown,yes
15833880,Birmingham,UK,40,services,single,secondary,no,3.16,no,no,unknown,3,11,jun,5,-1,0,unknown,no
48041343,Solihull,UK,36,admin.,divorced,secondary,no,2.46,yes,no,unknown,2,16,may,2,-1,0,unknown,no
60392260,Sutton Coldfield,UK,48,admin.,divorced,secondary,no,11.8,no,no,cellular,1,27,jan,1,238,3,other,yes
86952298,Telford,UK,34,services,single,secondary,no,-7.01,yes,no,cellular,1,11,may,2,-1,0,unknown,yes
94012435,Bristol,UK,25,admin.,single,secondary,no,4.83,no,yes,cellular,5,3,feb,1,-1,0,unknown,yes
85650820,Northampton,UK,54,blue-collar,married,secondary,no,16.36,no,no,telephone,1,20,jul,2,-1,0,unknown,yes
33977480,Portsmouth,UK,28,blue-collar,married,primary,no,1.15,yes,no,unknown,3,28,may,4,-1,0,unknown,no
73898922,Eastbourne,UK,34,technician,married,secondary,no,5.63,yes,yes,cellular,3,29,aug,15,-1,0,unknown,no
85397643,Exeter,UK,35,entrepreneur,single,tertiary,no,18,yes,no,unknown,4,5,jun,1,-1,0,unknown,no
32441109,Sale,UK,31,services,married,secondary,no,4.14,yes,no,unknown,3,7,may,1,-1,0,unknown,no
40149065,Chesterfield,UK,40,blue-collar,married,secondary,no,-4.38,no,no,cellular,2,11,may,1,-1,0,unknown,yes
78892234,London,UK,57,retired,married,primary,no,3.33,no,no,unknown,5,22,aug,2,-1,0,unknown,no
28408571,Brighton,UK,41,technician,married,tertiary,no,0.67,yes,no,cellular,3,19,nov,1,-1,0,unknown,yes
28464338,Stevenage,UK,32,technician,single,tertiary,no,46.65,yes,no,unknown,1,21,may,2,-1,0,unknown,yes
89121121,Leicester,UK,36,unemployed,single,tertiary,no,2.21,no,no,cellular,5,3,feb,4,-1,0,unknown,no
95886371,Worcester,UK,32,technician,married,secondary,no,15.47,no,no,cellular,5,26,oct,1,805,4,other,yes
34698004,Birmingham,UK,34,blue-collar,married,unknown,no,3.91,yes,yes,unknown,2,23,may,2,-1,0,unknown,no
73435051,Glasgow,UK,49,management,married,tertiary,no,225.2,no,no,cellular,4,21,nov,9,-1,0,unknown,yes
74869781,Glasgow,UK,65,retired,married,primary,no,17.6,no,no,cellular,2,18,aug,4,-1,0,unknown,yes
55392051,Manchester,UK,38,entrepreneur,married,primary,no,3.5,yes,no,cellular,1,8,may,1,-1,0,unknown,no
72116574,Huddersfield,UK,55,technician,married,secondary,no,69.58,yes,yes,unknown,5,13,may,2,-1,0,unknown,no
63468239,Bristol,UK,53,entrepreneur,married,primary,no,0.27,yes,no,telephone,4,10,sep,3,-1,0,unknown,yes
63220802,York,UK,57,management,divorced,tertiary,no,25.49,no,no,cellular,2,17,jul,2,-1,0,unknown,no
69973015,London,UK,57,unemployed,married,primary,no,27.43,no,no,cellular,2,29,jan,1,-1,0,unknown,no
81640461,Sunderland,UK,38,technician,divorced,tertiary,no,18.05,no,no,unknown,4,9,jun,2,-1,0,unknown,yes
76812974,Newcastle upon Tyne,UK,50,entrepreneur,married,primary,no,4.31,yes,no,cellular,1,20,apr,5,-1,0,unknown,no
81471897,Oxford,UK,35,management,single,tertiary,no,2.43,yes,no,unknown,4,12,may,3,-1,0,unknown,no
80827423,Bournemouth,UK,30,management,single,secondary,no,1.35,no,no,cellular,4,14,aug,2,-1,0,unknown,no
33198205,Preston,UK,29,technician,single,secondary,no,1.13,no,no,cellular,2,12,feb,2,183,4,success,yes
57077532,Gloucester,UK,35,self-employed,married,secondary,no,5.24,yes,no,cellular,3,21,nov,4,-1,0,unknown,no
29674007,Huddersfield,UK,48,management,divorced,tertiary,no,1.74,no,no,cellular,5,6,aug,2,-1,0,unknown,no
46715747,London,UK,69,retired,married,primary,no,3.24,no,no,cellular,2,12,aug,1,189,4,success,no
68650567,Manchester,UK,50,housemaid,married,secondary,no,3.88,no,no,cellular,5,8,jun,2,89,2,success,no
51248003,Sheffield,UK,45,unemployed,married,secondary,no,8.91,yes,no,unknown,4,7,jan,1,-1,0,unknown,yes
45970767,Southend-on-Sea,UK,76,self-employed,married,unknown,no,49.84,no,no,telephone,2,28,apr,1,182,1,success,yes
23371750,Glasgow,UK,60,unemployed,married,primary,no,0,no,no,cellular,1,22,jul,1,412,1,other,yes
45048161,Raleigh,UK,22,student,single,tertiary,no,6.91,no,no,cellular,1,30,nov,5,103,1,success,yes
12073087,Swansea,UK,37,unemployed,single,tertiary,no,10.32,no,no,telephone,3,4,feb,1,-1,0,unknown,no
78552925,Poole,UK,30,management,married,tertiary,no,1.34,yes,no,unknown,1,19,may,1,-1,0,unknown,no
76039919,London,UK,37,services,married,secondary,no,16.94,yes,yes,cellular,4,29,jan,2,251,6,failure,no
98647985,Hartlepool,UK,39,blue-collar,married,primary,no,0.7,no,no,unknown,5,8,may,1,-1,0,unknown,yes
69061191,Basingstoke,UK,29,services,single,secondary,no,6.95,no,no,unknown,1,3,jul,1,-1,0,unknown,no
45235451,Peterborough,UK,39,blue-collar,single,secondary,no,0,no,no,cellular,2,22,jul,4,-1,0,unknown,yes
69370407,Aberdeen,UK,34,entrepreneur,divorced,tertiary,no,2.62,no,no,cellular,5,20,nov,1,-1,0,unknown,no
52148602,Bath,UK,60,technician,married,secondary,no,0,no,no,cellular,2,25,may,4,-1,0,unknown,yes
78388578,Watford,UK,36,management,single,tertiary,no,38.5,yes,no,cellular,1,12,aug,2,100,4,failure,yes
47329959,Gillingham,UK,35,management,married,tertiary,no,1.05,yes,no,cellular,2,6,may,1,365,3,failure,no
49861533,Sheffield,UK,38,entrepreneur,married,secondary,no,21.39,yes,no,unknown,4,9,may,1,-1,0,unknown,no
84269737,Worthing,UK,36,blue-collar,single,primary,no,0.79,no,no,unknown,4,20,jun,3,-1,0,unknown,no
42931431,Birmingham,UK,35,management,married,secondary,no,7.24,yes,no,cellular,5,14,jul,2,415,1,failure,yes
10297975,St Albans,UK,36,admin.,married,tertiary,no,32.21,no,no,cellular,1,4,may,11,-1,0,unknown,yes
10548586,Southampton,UK,42,entrepreneur,married,unknown,no,2.06,yes,no,cellular,3,30,jul,2,-1,0,unknown,yes
36981890,Newport,UK,51,management,married,unknown,no,17.08,no,no,telephone,1,29,jan,3,-1,0,unknown,no
66326210,Warrington,UK,31,technician,divorced,secondary,no,2.68,no,no,unknown,3,16,may,2,-1,0,unknown,no
99748208,Maidstone,UK,40,blue-collar,married,primary,no,0.34,yes,no,cellular,5,6,may,2,344,1,failure,no
69270989,Bristol,UK,45,services,married,unknown,no,83.19,no,no,cellular,1,15,jun,2,-1,0,unknown,no
60604402,Darlington,UK,35,blue-collar,married,primary,no,43.66,yes,no,unknown,2,28,may,3,-1,0,unknown,no
31782320,London,UK,43,management,single,tertiary,no,4.83,no,no,cellular,1,19,aug,6,-1,0,unknown,yes
78907770,Dundee,UK,30,blue-collar,married,secondary,no,5.01,yes,yes,unknown,1,27,may,1,-1,0,unknown,no
68524285,Preston,UK,46,management,married,unknown,no,24.66,no,no,telephone,3,1,apr,3,370,1,failure,yes
57267982,Sunderland,UK,31,admin.,single,secondary,no,0,no,no,cellular,1,17,apr,3,-1,0,unknown,yes
38043175,St Helens,UK,27,admin.,single,secondary,no,0.03,yes,no,cellular,4,8,may,2,-1,0,unknown,no
81624665,Belfast,UK,33,management,married,tertiary,no,0,yes,no,cellular,1,17,apr,1,-1,0,unknown,yes
29808325,Cambridge,UK,32,management,divorced,tertiary,no,2.22,no,yes,cellular,3,15,jul,4,-1,0,unknown,yes
68552309,County Down,UK,32,blue-collar,married,secondary,no,31.66,yes,no,cellular,3,20,nov,3,-1,0,unknown,no
58162938,Bournemouth,UK,40,blue-collar,single,secondary,no,10.66,yes,no,unknown,2,21,may,1,-1,0,unknown,no
84697060,Gillingham,UK,57,management,married,tertiary,no,14.1,yes,no,cellular,2,10,jul,1,-1,0,unknown,no
72783831,Glasgow,UK,41,technician,single,secondary,no,7.69,no,yes,cellular,5,20,nov,4,98,4,other,no
21199580,Darlington,UK,33,management,single,tertiary,no,2.24,no,no,cellular,1,8,mar,2,-1,0,unknown,yes
59740912,Newport,UK,47,management,divorced,tertiary,no,120.26,yes,no,telephone,1,27,oct,1,-1,0,unknown,yes
81894406,Peterborough,UK,36,admin.,married,secondary,no,19.54,yes,yes,cellular,3,20,nov,2,174,3,failure,no
32327266,London,UK,43,management,married,tertiary,no,2.4,yes,no,cellular,3,16,apr,1,-1,0,unknown,yes
87198571,Poole,UK,28,admin.,single,secondary,no,7.62,no,no,cellular,5,18,sep,3,-1,0,unknown,yes
86610765,Coventry,UK,44,blue-collar,married,unknown,no,1.46,yes,no,unknown,5,15,may,1,-1,0,unknown,yes
40887341,Manchester,UK,51,admin.,single,secondary,no,7.26,yes,no,cellular,1,27,apr,8,-1,0,unknown,yes
89797505,Woking,UK,28,technician,single,tertiary,no,118.62,no,no,cellular,5,21,oct,2,238,13,other,yes
72301896,Southampton,UK,49,management,married,tertiary,no,18.08,yes,no,cellular,5,1,jun,1,95,1,success,yes
22830768,Milton Keynes,UK,37,management,married,tertiary,no,7.89,yes,yes,cellular,5,11,aug,1,190,2,other,no
92852596,Bristol,UK,60,services,divorced,secondary,no,7.58,no,no,cellular,5,3,feb,1,-1,0,unknown,no
11578857,Edinburgh,UK,43,admin.,married,secondary,no,3.88,yes,no,cellular,1,19,nov,2,-1,0,unknown,no
44208494,Sheffield,UK,32,student,single,tertiary,no,9.22,no,no,cellular,5,18,oct,2,-1,0,unknown,no
57587806,High Wycombe,UK,38,management,married,tertiary,no,6.13,no,no,cellular,2,30,apr,1,86,1,success,yes
14181199,Chesterfield,UK,42,management,married,unknown,no,8.49,yes,no,cellular,1,8,oct,1,321,1,other,yes
75705357,Blackpool,UK,35,admin.,single,secondary,no,-0.32,no,yes,cellular,2,9,feb,4,182,5,failure,yes
65064050,Chelmsford,UK,47,blue-collar,married,primary,no,3.04,yes,no,unknown,2,12,may,1,-1,0,unknown,no
56693095,Slough,UK,33,management,single,secondary,no,0,no,no,unknown,1,20,may,2,-1,0,unknown,no
20913805,Reading,UK,33,management,single,tertiary,no,8.16,yes,no,cellular,4,11,oct,2,503,2,failure,yes
25575915,Grimsby,UK,40,services,married,secondary,no,0,yes,no,cellular,2,2,jun,1,28,3,failure,no
86553185,Solihull,UK,36,management,single,tertiary,no,5.38,no,no,cellular,3,23,jun,1,183,5,success,yes
39579408,Warrington,UK,30,admin.,married,secondary,no,8.73,yes,no,unknown,5,29,may,3,-1,0,unknown,yes
48640546,London,UK,32,blue-collar,single,secondary,no,4.35,yes,no,unknown,1,21,may,2,-1,0,unknown,no
34915260,Woking,UK,29,blue-collar,married,secondary,no,33.1,no,no,cellular,5,1,sep,1,91,4,failure,no
19395528,Ipswich,UK,34,management,single,tertiary,no,7.47,no,no,cellular,3,31,aug,2,98,1,failure,no
78290462,London,UK,37,technician,married,unknown,no,1.89,no,no,cellular,4,16,jun,2,-1,0,unknown,yes
20680853,Stoke-on-Trent,UK,37,blue-collar,married,primary,no,7.08,yes,no,telephone,3,2,feb,1,-1,0,unknown,no
25728137,Portsmouth,UK,38,management,divorced,tertiary,no,5.47,yes,no,unknown,3,14,may,4,-1,0,unknown,no
21196449,County Down,UK,31,blue-collar,single,secondary,no,44.15,yes,no,unknown,1,2,jun,1,-1,0,unknown,no
77711829,London,UK,38,services,married,primary,no,0,no,no,cellular,2,28,jul,3,-1,0,unknown,no
62762492,Leicester,UK,60,technician,married,primary,no,0.65,yes,no,unknown,3,9,may,2,-1,0,unknown,yes
86844667,Poole,UK,35,blue-collar,married,secondary,no,-4.61,no,no,unknown,2,23,may,1,-1,0,unknown,no
87703499,Birmingham,UK,36,blue-collar,married,primary,no,1.06,yes,no,cellular,2,29,jul,13,-1,0,unknown,no
32595739,Southampton,UK,37,management,single,unknown,no,7.15,yes,no,unknown,3,20,may,2,-1,0,unknown,no
69181557,High Wycombe,UK,48,blue-collar,married,primary,no,51.54,yes,no,unknown,4,14,may,1,-1,0,unknown,no
98297158,London,UK,41,self-employed,married,secondary,no,3.05,yes,no,cellular,5,13,may,2,-1,0,unknown,no
59226311,Southend-on-Sea,UK,28,student,single,secondary,no,0.28,no,no,cellular,5,29,jan,2,-1,0,unknown,no
91269346,Basildon,UK,49,management,married,tertiary,no,32.37,yes,no,unknown,3,5,may,3,-1,0,unknown,no
70959258,Maidstone,UK,51,management,married,tertiary,no,4.69,no,no,cellular,2,15,apr,1,181,2,success,yes
55841637,Derby,UK,45,management,married,secondary,no,4.46,no,no,cellular,3,6,aug,3,-1,0,unknown,yes
60910038,Brighton,UK,47,technician,divorced,secondary,no,2.36,no,no,cellular,5,18,aug,4,-1,0,unknown,no
15002269,High Wycombe,UK,47,services,married,unknown,no,48.22,yes,no,unknown,2,21,may,5,-1,0,unknown,no
68308577,Gloucester,UK,53,housemaid,married,unknown,no,0,no,no,cellular,2,22,aug,1,-1,0,unknown,no
77974120,Hastings,UK,30,technician,single,primary,no,27.31,yes,no,cellular,3,14,apr,1,-1,0,unknown,no
89042753,London,UK,38,management,single,tertiary,no,31.41,no,no,cellular,5,9,nov,4,189,2,success,yes
23575190,Hemel Hempstead,UK,33,technician,married,tertiary,no,169.92,yes,no,unknown,3,29,may,1,-1,0,unknown,no
61600963,Darlington,UK,34,management,married,tertiary,no,36.96,no,no,cellular,5,8,apr,2,160,5,other,yes
18723467,Chelmsford,UK,47,admin.,married,secondary,no,8.29,yes,yes,unknown,2,14,may,1,-1,0,unknown,no
65857468,Kingston upon Hull,UK,49,blue-collar,married,primary,no,2.39,no,no,cellular,5,22,aug,3,-1,0,unknown,no
24562332,Birmingham,UK,57,management,married,tertiary,no,3.75,no,no,cellular,3,21,oct,1,-1,0,unknown,yes
62250363,London,UK,26,blue-collar,single,secondary,no,-0.29,yes,no,cellular,4,10,jul,4,-1,0,unknown,yes
65548840,Manchester,UK,60,retired,married,secondary,no,0.07,no,yes,cellular,2,18,aug,5,-1,0,unknown,no
78817093,Crawley,UK,34,admin.,divorced,secondary,no,6.61,yes,no,cellular,5,5,aug,2,183,10,failure,yes
65078630,Edinburgh,UK,59,retired,divorced,unknown,no,-0.49,yes,no,unknown,1,13,may,2,-1,0,unknown,no
50194044,Bournemouth,UK,55,admin.,married,secondary,no,6.02,no,no,cellular,4,1,jun,3,90,2,success,yes
65223657,Liverpool,UK,52,management,married,primary,no,0,no,no,unknown,3,5,jun,3,-1,0,unknown,no
33883477,Manchester,UK,38,admin.,single,secondary,no,1,yes,no,unknown,3,7,may,1,-1,0,unknown,yes
65027093,Poole,UK,31,management,single,tertiary,no,1.53,no,no,cellular,1,9,feb,3,-1,0,unknown,no
95454784,Sheffield,UK,38,technician,married,unknown,no,5.73,yes,no,unknown,3,6,may,1,-1,0,unknown,no
87076578,Coventry,UK,29,admin.,single,secondary,no,-4.98,yes,no,cellular,1,2,feb,3,227,14,failure,no
90874111,Southport,UK,40,services,married,secondary,no,4.46,yes,no,unknown,3,16,may,1,-1,0,unknown,yes
82294956,Bournemouth,UK,40,management,married,secondary,no,4.06,yes,no,unknown,2,12,jun,2,-1,0,unknown,yes
87074266,Chelmsford,UK,40,technician,married,secondary,no,22.66,no,no,cellular,1,26,may,3,89,7,other,yes
75582983,Maidstone,UK,33,unemployed,married,secondary,no,12.11,no,no,cellular,1,7,aug,1,-1,0,unknown,yes
71822522,Birmingham,UK,33,management,married,tertiary,no,14.12,yes,no,unknown,4,19,aug,1,-1,0,unknown,yes
66432411,Lincoln,UK,45,unemployed,divorced,secondary,no,-0.44,yes,no,cellular,3,7,jul,2,-1,0,unknown,no
45938161,Sunderland,UK,35,management,single,tertiary,no,6.71,yes,no,cellular,5,10,mar,1,-1,0,unknown,yes
60704577,Worthing,UK,40,management,married,tertiary,no,0.16,no,yes,cellular,4,9,feb,4,-1,0,unknown,no
31610054,Leicester,UK,62,housemaid,married,unknown,no,20.21,no,no,telephone,1,26,feb,1,-1,0,unknown,yes
11648918,Stoke-on-Trent,UK,53,blue-collar,married,secondary,no,9.13,yes,no,cellular,2,23,jul,1,-1,0,unknown,no
32610292,Liverpool,UK,30,management,single,tertiary,no,2.77,yes,no,cellular,2,8,may,1,42,1,other,no
68218734,Woking,UK,53,admin.,married,secondary,no,17.96,no,no,telephone,3,16,mar,1,91,2,success,yes
28663979,Bradford,UK,36,entrepreneur,married,secondary,no,5.46,no,no,cellular,5,9,feb,3,-1,0,unknown,no
58789248,Colchester,UK,31,technician,single,tertiary,no,27.44,yes,no,cellular,3,8,aug,2,-1,0,unknown,no
75196163,Barnsley,UK,39,services,married,secondary,no,19.7,yes,no,unknown,4,8,jun,1,404,2,success,no
52980595,Bristol,UK,34,services,married,secondary,no,1.9,yes,no,cellular,5,15,may,3,-1,0,unknown,no
96236195,Birmingham,UK,72,retired,divorced,tertiary,no,4.38,no,no,cellular,3,23,feb,1,-1,0,unknown,yes
22422331,Blackpool,UK,41,management,married,tertiary,no,40.63,yes,no,cellular,3,12,may,5,172,2,failure,no
32634742,Gillingham,UK,56,admin.,single,secondary,no,-0.13,no,no,unknown,4,16,jun,3,-1,0,unknown,no
99269382,Salford,UK,32,blue-collar,married,primary,no,2.06,yes,no,unknown,4,20,may,2,-1,0,unknown,no
36385730,Oldham,UK,34,admin.,married,secondary,no,1.55,no,no,cellular,2,5,feb,2,-1,0,unknown,yes
63834470,Eastbourne,UK,61,retired,divorced,secondary,no,9.27,no,no,cellular,2,30,apr,3,-1,0,unknown,yes
57783480,Wakefield,UK,59,retired,married,secondary,no,24.67,no,no,cellular,4,20,nov,2,-1,0,unknown,no
94053032,London,UK,25,admin.,single,secondary,no,2.85,no,no,cellular,3,3,jul,3,-1,0,unknown,yes
85287592,Kingston upon Hull,UK,63,retired,married,secondary,no,16.12,no,no,telephone,5,17,feb,2,-1,0,unknown,yes
64247008,Rotherham,UK,47,blue-collar,married,secondary,no,11.25,yes,no,cellular,3,29,jan,1,-1,0,unknown,yes
74412955,Peterborough,UK,42,admin.,single,secondary,no,10.22,yes,no,unknown,2,5,may,2,-1,0,unknown,no
76398899,Birmingham,UK,35,management,married,tertiary,no,0.71,yes,no,cellular,3,30,apr,2,-1,0,unknown,no
87533315,Luton,UK,31,management,married,tertiary,no,0.84,no,yes,unknown,1,1,jul,1,-1,0,unknown,no
40355447,Gillingham,UK,35,blue-collar,single,secondary,no,4.87,yes,no,unknown,3,15,may,1,-1,0,unknown,no
15218369,Newport,UK,40,admin.,married,primary,no,0.72,yes,yes,cellular,5,21,nov,1,-1,0,unknown,yes
46879782,Cambridge,UK,29,blue-collar,married,secondary,no,-0.28,yes,no,unknown,4,12,may,1,-1,0,unknown,no
28287756,Hemel Hempstead,UK,39,technician,married,secondary,no,6.03,no,yes,cellular,5,15,apr,1,-1,0,unknown,yes
47908708,Glasgow,UK,42,management,married,tertiary,no,0,no,no,cellular,2,13,aug,2,-1,0,unknown,no
35636297,Grimsby,UK,43,technician,married,secondary,no,9.94,yes,yes,cellular,1,5,may,1,-1,0,unknown,no
22333477,Stoke-on-Trent,UK,59,housemaid,married,primary,no,0.88,yes,no,cellular,1,28,jul,5,-1,0,unknown,no
76150606,Bedford,UK,47,technician,divorced,secondary,no,18.51,yes,no,unknown,1,19,may,2,-1,0,unknown,no
50985301,Basingstoke,UK,63,entrepreneur,married,tertiary,no,27.07,no,no,telephone,3,16,nov,4,-1,0,unknown,no
63256531,Chelmsford,UK,47,technician,married,secondary,no,22.83,yes,no,cellular,1,21,nov,2,-1,0,unknown,no
28665689,Bristol,UK,33,self-employed,married,secondary,no,2.15,yes,no,cellular,4,29,jul,12,-1,0,unknown,no
64501430,Manchester,UK,58,admin.,married,secondary,no,8.26,no,no,unknown,4,12,jun,1,-1,0,unknown,yes
40439910,Dundee,UK,32,admin.,married,secondary,no,200.11,no,no,cellular,4,20,apr,1,-1,0,unknown,no
37590227,Wigan,UK,32,technician,single,tertiary,no,9.32,yes,no,cellular,1,16,apr,1,318,1,failure,yes
50901436,London,UK,49,management,married,tertiary,no,4.13,no,yes,cellular,3,31,jul,4,-1,0,unknown,no
25952634,Northampton,UK,23,student,single,secondary,no,41.26,no,no,cellular,1,25,mar,2,-1,0,unknown,yes
93249120,Cheltenham,UK,49,technician,divorced,tertiary,no,5.96,yes,no,telephone,1,15,sep,1,-1,0,unknown,yes
94577778,Huddersfield,UK,46,services,married,secondary,no,2.73,no,no,cellular,4,22,aug,2,-1,0,unknown,yes
16251397,York,UK,29,admin.,single,secondary,no,-3.09,yes,yes,unknown,4,4,jun,1,-1,0,unknown,no
47818638,Sutton Coldfield,UK,46,management,divorced,tertiary,no,6.24,no,no,cellular,5,17,sep,2,183,2,success,yes
47577477,Solihull,UK,58,entrepreneur,married,secondary,no,0.02,no,no,unknown,4,16,jun,1,-1,0,unknown,no
38126225,Gateshead,UK,29,management,married,tertiary,no,13.87,yes,no,cellular,2,18,may,2,-1,0,unknown,yes
69916482,Barnsley,UK,36,services,married,secondary,no,0.52,yes,no,cellular,5,5,mar,2,179,7,success,yes
95571481,Doncaster,UK,33,student,single,unknown,no,23.21,no,no,cellular,3,15,apr,2,381,2,failure,no
82668198,London,UK,26,services,married,secondary,no,0.54,yes,no,unknown,1,13,may,1,-1,0,unknown,no
57275342,London,UK,60,entrepreneur,married,primary,no,0.83,yes,no,cellular,2,17,jul,2,-1,0,unknown,no
64465561,Oxford,UK,42,management,single,tertiary,no,75.6,no,no,cellular,3,28,jan,1,-1,0,unknown,yes
13764583,Milton Keynes,UK,23,unemployed,single,primary,no,10.03,no,no,telephone,4,27,nov,1,-1,0,unknown,yes
94458112,Eastbourne,UK,49,blue-collar,married,primary,no,3.99,no,no,cellular,2,29,jan,1,-1,0,unknown,no
68052387,Bolton,UK,33,technician,married,tertiary,no,5.99,yes,no,cellular,5,29,aug,2,-1,0,unknown,no
47705633,Glasgow,UK,29,blue-collar,single,secondary,no,3.48,yes,no,unknown,2,9,may,2,-1,0,unknown,no
56731881,Colchester,UK,28,student,married,tertiary,no,3.27,yes,no,cellular,2,15,may,3,-1,0,unknown,no
66296831,Southend-on-Sea,UK,32,technician,single,secondary,no,1.29,yes,no,cellular,3,7,may,1,-1,0,unknown,no
69110337,Bradford,UK,52,management,married,tertiary,no,6.59,no,no,cellular,3,23,jul,4,-1,0,unknown,no
41087038,Basildon,UK,43,management,married,tertiary,no,35.18,no,no,cellular,5,15,jun,2,-1,0,unknown,yes
43984568,Grimsby,UK,50,blue-collar,married,primary,no,-0.37,yes,no,unknown,5,12,may,3,-1,0,unknown,no
68665151,Bradford,UK,70,retired,married,primary,no,32.3,no,no,cellular,1,24,nov,1,-1,0,unknown,no
60072094,Oxford,UK,54,management,divorced,tertiary,no,4.87,yes,no,unknown,3,21,may,4,-1,0,unknown,yes
41405618,Eastbourne,UK,44,self-employed,single,tertiary,no,185.58,yes,no,cellular,1,20,nov,1,190,4,other,no
96389574,Doncaster,UK,68,retired,married,secondary,no,207.23,yes,no,cellular,5,28,apr,2,-1,0,unknown,no
28892679,Manchester,UK,31,management,single,tertiary,no,56.91,yes,no,cellular,5,21,nov,2,123,1,failure,no
30266372,Grimsby,UK,57,technician,married,secondary,no,4.58,no,yes,cellular,5,15,jul,3,-1,0,unknown,no
28596443,Manchester,UK,49,blue-collar,married,tertiary,no,17.84,no,no,unknown,4,12,jun,1,-1,0,unknown,no
43013578,Watford,UK,56,management,married,tertiary,no,1.71,no,yes,telephone,4,17,jul,2,-1,0,unknown,no
16028001,Exeter,UK,41,technician,single,tertiary,no,11.04,no,no,unknown,4,9,jun,1,-1,0,unknown,no
98929789,Preston,UK,44,unemployed,single,primary,yes,-0.04,no,yes,cellular,1,30,jul,2,-1,0,unknown,yes
62778090,Preston,UK,37,management,married,secondary,no,5.65,no,no,cellular,2,29,apr,1,398,1,success,yes
52113465,Cheltenham,UK,20,blue-collar,single,secondary,no,4.23,yes,no,cellular,1,16,apr,1,-1,0,unknown,yes
35392977,Oldham,UK,54,admin.,married,tertiary,no,0.59,yes,no,cellular,4,10,jul,1,-1,0,unknown,no
22862639,Barnsley,UK,51,blue-collar,married,primary,no,44.97,yes,no,unknown,4,15,may,3,-1,0,unknown,no
69549202,Bolton,UK,52,blue-collar,married,secondary,no,5.55,yes,no,cellular,3,12,may,2,-1,0,unknown,no
17444620,Bristol,UK,33,blue-collar,married,primary,no,1.41,yes,no,unknown,5,21,may,2,-1,0,unknown,no
48226621,Liverpool,UK,33,blue-collar,single,secondary,no,153.41,no,no,cellular,3,20,apr,1,334,3,failure,no
93137089,London,UK,30,admin.,married,secondary,no,0.04,no,no,unknown,1,20,jun,2,-1,0,unknown,no
71454515,Middlesbrough,UK,31,blue-collar,married,secondary,no,-1.9,yes,yes,cellular,2,8,may,3,-1,0,unknown,no
39948610,London,UK,59,retired,married,primary,no,14.23,yes,no,unknown,4,15,may,2,-1,0,unknown,no
13765397,Nottingham,UK,41,services,single,secondary,no,-6.75,yes,yes,cellular,1,18,mar,4,-1,0,unknown,yes
45680036,Telford,UK,30,unemployed,single,tertiary,no,4.63,no,no,cellular,4,22,aug,4,-1,0,unknown,no
26806716,Huddersfield,UK,36,technician,single,secondary,no,5.39,yes,no,cellular,5,27,aug,2,477,1,failure,yes
85856763,Bradford,UK,30,technician,single,secondary,no,1.58,no,no,cellular,2,6,oct,1,-1,0,unknown,yes
22131442,Maidstone,UK,36,management,married,tertiary,no,5.35,no,no,cellular,1,20,apr,2,-1,0,unknown,yes
86647961,Bradford,UK,39,blue-collar,married,secondary,no,24.67,no,no,cellular,1,19,jul,2,276,3,other,yes
14075135,Rochdale,UK,28,blue-collar,married,secondary,no,-4.7,yes,no,cellular,1,7,may,2,-1,0,unknown,no
31826931,Bradford,UK,56,blue-collar,married,primary,no,24.42,no,yes,cellular,5,18,aug,7,-1,0,unknown,no
95968734,Lincoln,UK,35,management,single,secondary,no,0.73,yes,no,unknown,5,28,may,2,-1,0,unknown,no
78412301,Liverpool,UK,35,technician,single,secondary,no,3.99,yes,no,cellular,3,13,may,2,345,3,failure,yes
62739604,Sheffield,UK,42,technician,married,tertiary,no,11.89,no,no,unknown,2,5,jun,3,-1,0,unknown,no
70381335,Chesterfield,UK,45,management,single,tertiary,no,48.31,no,no,cellular,3,30,jul,3,182,11,success,yes
21711645,Poole,UK,34,blue-collar,married,secondary,no,5.77,no,no,unknown,5,14,may,1,-1,0,unknown,no
31044794,Southport,UK,26,services,single,secondary,no,1.1,no,no,cellular,3,30,jan,2,-1,0,unknown,yes
81653695,Cambridge,UK,63,retired,single,tertiary,no,7.91,no,no,cellular,5,21,oct,2,-1,0,unknown,yes
45796710,Crawley,UK,30,blue-collar,married,secondary,no,24.93,no,no,cellular,2,28,jan,2,-1,0,unknown,yes
32223903,Northampton,UK,34,services,single,secondary,no,2.58,yes,no,unknown,2,4,jun,2,-1,0,unknown,no
87452286,St Albans,UK,57,retired,married,secondary,no,4.66,no,no,cellular,3,5,aug,2,-1,0,unknown,yes
29130057,Northampton,UK,24,blue-collar,married,secondary,no,2.72,no,no,cellular,1,16,nov,2,94,2,success,yes
69613952,Sale,UK,35,management,married,tertiary,no,0.36,no,yes,cellular,4,16,jul,5,-1,0,unknown,yes
12507636,High Wycombe,UK,50,admin.,married,secondary,no,15.75,no,no,cellular,5,17,nov,1,-1,0,unknown,no
50054427,Sheffield,UK,46,blue-collar,married,primary,no,-2.71,yes,no,cellular,5,25,jul,2,-1,0,unknown,no
74285981,Preston,UK,47,housemaid,divorced,primary,no,0.61,no,no,cellular,2,29,jul,5,-1,0,unknown,no
21805515,Bournemouth,UK,48,management,married,tertiary,no,18.08,yes,no,cellular,5,26,feb,1,-1,0,unknown,yes
49451783,Southend-on-Sea,UK,32,services,divorced,secondary,no,46.12,yes,no,cellular,2,24,jul,4,-1,0,unknown,no
26572400,Slough,UK,43,management,divorced,tertiary,no,35.78,no,no,cellular,2,29,jan,2,-1,0,unknown,no
17083966,Bedford,UK,46,management,married,tertiary,no,0,no,no,cellular,1,3,mar,13,-1,0,unknown,yes
86315656,High Wycombe,UK,34,blue-collar,married,secondary,no,0.29,yes,no,cellular,4,15,may,5,-1,0,unknown,yes
81261079,County Down,UK,31,management,single,tertiary,no,17.61,yes,no,telephone,1,29,jul,3,440,3,failure,yes
10727408,Swindon,UK,47,services,married,secondary,no,4.05,no,yes,cellular,3,8,aug,2,-1,0,unknown,yes
23850896,Gillingham,UK,35,management,single,tertiary,no,9.16,yes,no,cellular,1,14,may,2,-1,0,unknown,yes
89665239,St Albans,UK,43,management,married,tertiary,no,0.79,no,no,cellular,5,26,may,1,-1,0,unknown,yes
88272106,Cardiff,UK,35,admin.,divorced,secondary,no,36.36,no,yes,cellular,2,21,nov,2,-1,0,unknown,yes
53194019,St Helens,UK,33,technician,single,secondary,no,14.29,yes,no,cellular,4,31,aug,8,-1,0,unknown,yes
96497819,Southampton,UK,38,blue-collar,married,secondary,no,16.27,no,no,unknown,4,16,jun,9,-1,0,unknown,yes
84995143,Kingston upon Hull,UK,31,unemployed,married,secondary,no,0.06,no,no,cellular,2,4,jun,4,-1,0,unknown,yes
49469918,Stockport,UK,31,technician,single,secondary,no,29.16,no,no,cellular,3,14,aug,2,-1,0,unknown,no
42198099,Manchester,UK,35,blue-collar,married,secondary,no,1.49,yes,no,cellular,1,29,apr,3,349,1,other,yes
35403738,Cardiff,UK,34,admin.,single,secondary,no,69.79,yes,no,cellular,2,15,may,5,-1,0,unknown,no
61005352,Milton Keynes,UK,28,technician,single,tertiary,no,49.87,no,no,cellular,2,2,jun,2,113,21,success,yes
96918868,Aberdeen,UK,41,technician,single,tertiary,no,16.46,yes,no,cellular,3,5,aug,3,92,8,success,yes
56603665,Hartlepool,UK,38,services,married,tertiary,no,10.18,no,no,unknown,4,16,jun,3,-1,0,unknown,no
20632268,Birmingham,UK,55,unemployed,married,primary,no,12.12,no,no,cellular,5,31,aug,1,92,1,failure,no
95860565,Sunderland,UK,38,services,married,secondary,no,1.33,yes,no,unknown,3,27,may,1,-1,0,unknown,no
32485242,Worthing,UK,39,services,married,secondary,no,11.79,no,no,cellular,1,25,may,1,-1,0,unknown,yes
70287604,Telford,UK,27,admin.,single,secondary,no,2.92,yes,no,cellular,5,12,may,9,362,8,other,no
50676585,Birmingham,UK,43,services,married,primary,no,25.67,yes,no,cellular,5,14,may,1,360,2,failure,no
44174539,Leeds,UK,29,technician,divorced,secondary,no,4.77,yes,yes,cellular,1,11,may,1,305,1,failure,no
78693495,Raleigh,UK,26,self-employed,single,secondary,no,5.51,no,no,cellular,3,8,jul,1,-1,0,unknown,yes
21186746,Manchester,UK,29,blue-collar,divorced,secondary,no,-0.19,yes,no,cellular,5,20,apr,4,-1,0,unknown,yes
17867019,Birmingham,UK,51,management,married,tertiary,no,0,yes,yes,cellular,3,19,aug,1,84,1,other,no
28186128,Basildon,UK,67,retired,married,unknown,no,25.4,no,no,telephone,5,14,sep,3,92,9,success,yes
98989447,York,UK,33,self-employed,single,tertiary,no,5.62,yes,yes,cellular,3,6,apr,1,363,1,failure,yes
80416455,Watford,UK,33,blue-collar,single,secondary,no,4.98,no,no,cellular,1,30,apr,1,-1,0,unknown,yes
59516555,Basingstoke,UK,36,unemployed,married,secondary,no,-0.35,no,no,cellular,3,30,jan,3,-1,0,unknown,no
15722886,Grimsby,UK,36,housemaid,married,primary,no,0.78,yes,no,telephone,3,30,jul,9,-1,0,unknown,yes
41320578,Rotherham,UK,31,blue-collar,single,secondary,no,21.37,no,no,unknown,5,29,may,1,-1,0,unknown,no
66041389,Sheffield,UK,47,services,married,secondary,no,17.64,no,yes,cellular,4,26,aug,6,-1,0,unknown,no
45739729,Oldham,UK,35,admin.,divorced,secondary,no,0,no,yes,cellular,3,14,jul,2,-1,0,unknown,no
13878292,Plymouth,UK,59,retired,divorced,primary,no,2.17,yes,no,unknown,5,26,may,3,-1,0,unknown,no
15948158,Cheltenham,UK,30,blue-collar,single,secondary,no,-3.9,yes,no,cellular,3,5,may,1,-1,0,unknown,no
86382372,Eastbourne,UK,50,management,single,tertiary,no,2.97,yes,no,unknown,1,5,may,1,-1,0,unknown,no
53737435,Swansea,UK,29,unemployed,single,secondary,no,24.24,no,no,cellular,5,6,feb,1,-1,0,unknown,no
37214964,Dundee,UK,31,admin.,single,secondary,no,0,yes,no,cellular,3,7,may,2,295,2,failure,yes
53543375,Bedford,UK,48,management,married,primary,no,6.06,no,no,cellular,3,5,mar,6,-1,0,unknown,no
91690283,Liverpool,UK,30,blue-collar,single,secondary,no,21.45,yes,no,cellular,2,18,may,2,-1,0,unknown,yes
92131955,Birmingham,UK,29,technician,single,secondary,no,6.74,no,no,cellular,2,17,apr,5,-1,0,unknown,yes
99468169,St Albans,UK,31,technician,single,tertiary,no,2.08,no,no,cellular,2,12,aug,7,-1,0,unknown,yes
18788873,Birmingham,UK,27,student,single,tertiary,no,11.34,no,no,cellular,4,21,oct,1,183,4,success,yes
97174169,Grimsby,UK,35,unemployed,single,tertiary,no,4.15,no,no,cellular,4,4,may,2,89,2,success,yes
45210261,Gateshead,UK,70,retired,married,secondary,no,20.64,no,no,cellular,1,22,oct,1,-1,0,unknown,no
68681859,Basingstoke,UK,56,entrepreneur,divorced,secondary,no,1.79,no,no,cellular,2,14,aug,2,-1,0,unknown,no
19370288,Birmingham,UK,45,self-employed,single,primary,no,1.12,no,no,unknown,4,20,jun,4,-1,0,unknown,no
20588626,Liverpool,UK,33,technician,married,secondary,no,1.77,yes,yes,cellular,4,12,may,8,-1,0,unknown,no
44725629,Nottingham,UK,27,technician,single,tertiary,no,9.31,yes,no,cellular,2,4,feb,1,-1,0,unknown,yes
28361505,Leicester,UK,25,blue-collar,single,secondary,no,1.89,no,yes,cellular,4,8,jul,2,-1,0,unknown,yes
67951501,Watford,UK,38,management,married,tertiary,no,0,yes,no,unknown,5,20,jun,2,-1,0,unknown,no
22492813,Poole,UK,31,management,married,tertiary,no,6.07,no,no,cellular,1,27,aug,5,-1,0,unknown,no
46255424,Wakefield,UK,44,blue-collar,single,secondary,no,7.12,yes,yes,cellular,4,6,apr,3,-1,0,unknown,yes
18680268,Bolton,UK,44,management,married,tertiary,no,4.45,no,yes,telephone,1,6,feb,2,9,7,other,no
26347861,Luton,UK,30,technician,married,secondary,no,3.84,no,no,cellular,4,25,aug,3,-1,0,unknown,no
74009770,Telford,UK,45,blue-collar,divorced,secondary,no,7.56,yes,no,unknown,3,6,may,2,-1,0,unknown,no
11300253,High Wycombe,UK,39,technician,married,secondary,no,41.01,yes,no,cellular,2,18,feb,2,264,1,other,yes
85096277,Stoke-on-Trent,UK,59,management,married,tertiary,no,0.01,yes,no,cellular,5,29,apr,1,-1,0,unknown,yes
90795511,Bedford,UK,71,retired,divorced,primary,no,2.75,no,no,cellular,1,14,jun,1,425,1,success,yes
43640883,Basingstoke,UK,31,unemployed,single,tertiary,no,14.89,yes,no,cellular,4,3,feb,1,-1,0,unknown,no
71645044,Bedford,UK,41,technician,married,secondary,no,3.35,no,no,cellular,4,18,aug,3,-1,0,unknown,no
27435141,Bristol,UK,33,self-employed,divorced,secondary,no,19.04,yes,no,cellular,5,17,jul,2,-1,0,unknown,yes
17958199,Southampton,UK,45,services,married,secondary,no,0,no,no,cellular,3,11,jul,2,-1,0,unknown,no
27462643,Slough,UK,33,technician,single,tertiary,no,1.54,no,no,cellular,1,18,mar,2,-1,0,unknown,no
83688339,Cambridge,UK,37,technician,married,tertiary,no,0.88,no,no,cellular,4,6,may,1,90,3,other,yes
45927683,Bedford,UK,36,blue-collar,married,secondary,no,10.88,yes,no,cellular,4,13,may,2,345,2,failure,no
93856097,Cardiff,UK,40,technician,married,secondary,no,0.4,yes,no,cellular,1,21,nov,1,-1,0,unknown,no
32447334,Bath,UK,40,management,single,unknown,no,8.38,yes,no,unknown,4,12,may,3,-1,0,unknown,no
68103392,Stockport,UK,32,management,married,tertiary,no,3.93,no,no,cellular,1,28,jan,2,-1,0,unknown,no
14443606,Salford,UK,54,retired,divorced,tertiary,no,30.76,no,no,cellular,5,27,may,2,-1,0,unknown,yes
54720675,Gloucester,UK,31,technician,married,secondary,no,4.5,no,yes,cellular,4,20,nov,2,129,4,failure,no
84116685,Birkenhead,UK,56,retired,married,secondary,no,8.78,no,no,unknown,3,20,jun,3,-1,0,unknown,no
77733700,Southampton,UK,35,admin.,married,secondary,no,38.54,yes,no,cellular,3,5,may,1,-1,0,unknown,no
60541237,Swansea,UK,34,student,single,unknown,no,10.11,no,no,cellular,1,1,jun,1,-1,0,unknown,yes
79596870,Exeter,UK,37,admin.,single,secondary,no,7.28,no,no,cellular,1,3,feb,1,174,2,other,yes
59956164,Hastings,UK,53,blue-collar,married,secondary,yes,-6.34,no,no,cellular,3,19,aug,3,-1,0,unknown,no
41901968,Bristol,UK,36,management,married,tertiary,no,3.96,no,no,cellular,3,13,aug,5,-1,0,unknown,no
99887933,London,UK,33,management,single,tertiary,no,5.76,no,no,cellular,4,25,may,1,111,2,other,no
70470590,Wolverhampton,UK,32,blue-collar,married,secondary,no,0.43,yes,no,unknown,3,21,may,2,-1,0,unknown,no
14292721,Eastbourne,UK,30,technician,single,tertiary,no,30.86,yes,no,cellular,5,7,may,3,168,1,failure,no
45152772,Gateshead,UK,46,technician,married,secondary,no,9.66,yes,yes,cellular,2,19,aug,2,-1,0,unknown,no
63884708,Blackburn,UK,42,admin.,divorced,secondary,no,21.29,no,no,cellular,3,13,aug,1,182,2,other,yes
44007024,Glasgow,UK,30,admin.,single,secondary,no,3.13,yes,no,cellular,5,4,feb,2,-1,0,unknown,yes
79013316,Liverpool,UK,54,technician,married,secondary,no,101.85,no,no,cellular,1,10,aug,1,70,2,other,yes
81549504,Cambridge,UK,39,blue-collar,married,secondary,no,0,yes,no,unknown,4,6,may,1,-1,0,unknown,no
66436197,Liverpool,UK,30,technician,single,tertiary,no,0,yes,no,cellular,1,5,jun,2,-1,0,unknown,yes
66520631,Slough,UK,52,admin.,married,secondary,no,11.13,no,yes,cellular,4,8,jul,1,-1,0,unknown,no
75501134,Liverpool,UK,46,admin.,married,secondary,no,5.56,yes,yes,unknown,3,15,may,3,-1,0,unknown,yes
71911595,Glasgow,UK,48,technician,married,primary,no,2.35,no,no,cellular,1,9,sep,2,191,3,success,yes
79045140,Grimsby,UK,30,management,single,tertiary,no,53.59,no,no,cellular,5,27,may,1,98,1,success,yes
33900414,Ipswich,UK,36,admin.,married,secondary,no,10.31,no,no,cellular,3,17,jun,4,-1,0,unknown,yes
20499293,Northampton,UK,40,technician,single,tertiary,no,16.46,yes,no,cellular,3,2,feb,1,242,2,failure,yes
84163319,Chester,UK,38,management,divorced,secondary,no,2.57,yes,no,cellular,4,30,apr,1,-1,0,unknown,yes
81732672,Huddersfield,UK,30,unemployed,married,tertiary,no,3.3,no,no,cellular,5,14,apr,1,-1,0,unknown,yes
31555809,York,UK,32,services,single,tertiary,no,0,no,no,cellular,2,28,aug,12,-1,0,unknown,no
93110112,Preston,UK,58,admin.,married,secondary,no,1.45,yes,no,telephone,3,29,jul,13,-1,0,unknown,yes
42746627,Cheltenham,UK,34,management,married,tertiary,no,6.11,no,no,cellular,5,2,jun,1,-1,0,unknown,yes
52512147,Glasgow,UK,30,unemployed,single,secondary,no,0,yes,no,cellular,5,16,apr,1,-1,0,unknown,no
64796607,Southend-on-Sea,UK,32,unemployed,married,secondary,no,29.96,yes,no,unknown,5,19,may,1,-1,0,unknown,no
20881202,Wigan,UK,25,blue-collar,single,secondary,no,5.09,no,no,cellular,3,5,mar,1,-1,0,unknown,yes
95912806,St Albans,UK,39,blue-collar,married,primary,no,8.67,yes,no,unknown,1,7,may,1,-1,0,unknown,no
16584858,High Wycombe,UK,45,admin.,married,secondary,no,4.34,no,no,cellular,1,26,aug,4,-1,0,unknown,no
77269051,St Helens,UK,38,technician,single,secondary,no,16.55,no,no,cellular,5,29,jul,2,-1,0,unknown,no
18999865,Chester,UK,32,services,single,secondary,no,4.86,no,no,cellular,1,29,jan,1,-1,0,unknown,yes
27154322,Birmingham,UK,28,services,single,secondary,no,3.73,yes,no,cellular,1,18,may,2,-1,0,unknown,no
48476482,Manchester,UK,55,admin.,married,secondary,no,83.04,no,no,cellular,4,1,jun,1,-1,0,unknown,yes
24271873,Liverpool,UK,27,admin.,single,secondary,no,4.54,no,yes,cellular,1,15,jul,2,-1,0,unknown,no
26916123,Liverpool,UK,39,student,single,tertiary,no,21.03,no,no,cellular,4,2,feb,1,-1,0,unknown,yes
40249806,Sheffield,UK,39,services,married,secondary,no,1.17,yes,no,cellular,1,18,may,2,-1,0,unknown,yes
89444615,Stockport,UK,38,technician,divorced,secondary,no,12.21,yes,yes,cellular,1,18,aug,7,-1,0,unknown,no
91796499,Bournemouth,UK,30,blue-collar,married,secondary,no,0.61,yes,no,cellular,4,5,may,1,-1,0,unknown,yes
47038403,Birmingham,UK,41,blue-collar,married,primary,no,6.86,yes,no,cellular,3,21,nov,3,-1,0,unknown,no
30569135,Bradford,UK,33,management,single,tertiary,no,0,yes,no,cellular,2,13,may,1,-1,0,unknown,yes
28604094,Edinburgh,UK,42,management,married,tertiary,no,21.87,yes,no,cellular,2,17,nov,3,-1,0,unknown,yes
22915443,Newport,UK,28,self-employed,married,tertiary,no,0,yes,no,cellular,1,4,feb,3,196,4,failure,yes
59597057,Raleigh,UK,40,blue-collar,single,primary,no,15.3,yes,no,cellular,1,20,apr,3,315,1,failure,no
24014709,Northampton,UK,36,management,single,tertiary,no,3.35,no,no,unknown,5,10,oct,1,772,4,failure,no
68584895,Bolton,UK,50,blue-collar,married,unknown,no,4.52,no,no,cellular,1,20,aug,2,-1,0,unknown,no
29902894,Bristol,UK,44,management,divorced,tertiary,no,23.67,no,no,cellular,3,22,sep,1,184,6,success,yes
10288060,Reading,UK,52,technician,married,tertiary,no,25.57,no,no,cellular,1,8,jul,1,156,1,other,yes
80360103,Liverpool,UK,38,blue-collar,married,secondary,no,0.67,no,no,cellular,3,28,jan,1,239,2,failure,no
94004075,Southend-on-Sea,UK,23,student,single,secondary,no,12.34,no,no,cellular,4,15,feb,1,91,1,success,yes
83263667,Halifax,UK,32,services,married,secondary,no,2.01,yes,no,unknown,3,18,jun,2,-1,0,unknown,no
50531056,Cambridge,UK,44,management,married,unknown,no,0.21,no,no,cellular,3,24,aug,2,-1,0,unknown,no
99581113,Oxford,UK,50,technician,married,secondary,no,18.38,yes,yes,cellular,2,13,aug,8,-1,0,unknown,no
59699494,Gateshead,UK,42,unknown,single,unknown,no,9.42,no,no,cellular,2,27,jan,1,92,2,success,yes
83344661,Chelmsford,UK,30,management,single,tertiary,no,137.74,no,no,cellular,2,14,sep,1,-1,0,unknown,no
57499699,Bristol,UK,49,self-employed,married,tertiary,no,5.99,no,no,cellular,2,12,aug,1,-1,0,unknown,no
83043572,Sutton Coldfield,UK,67,retired,married,primary,no,14.3,no,no,cellular,5,11,jan,2,91,3,failure,yes
71981279,Birkenhead,UK,59,management,married,tertiary,no,27.64,no,no,cellular,1,18,feb,1,56,3,failure,no
77545397,Southport,UK,24,admin.,married,secondary,no,2.99,yes,no,cellular,5,6,may,1,321,1,failure,no
46225974,Cambridge,UK,42,technician,married,secondary,no,10.13,no,yes,cellular,2,28,aug,8,-1,0,unknown,no
43699790,Bath,UK,30,blue-collar,single,secondary,no,1.48,no,no,cellular,5,2,apr,1,-1,0,unknown,no
49895626,Birmingham,UK,26,technician,single,tertiary,no,41.3,no,no,cellular,5,28,jan,2,-1,0,unknown,no
96776069,Maidstone,UK,28,blue-collar,single,secondary,no,38.17,yes,no,cellular,5,4,may,3,-1,0,unknown,no
60951736,Sunderland,UK,24,student,single,secondary,no,1.25,no,no,cellular,1,9,nov,1,90,1,failure,yes
53731354,Aberdeen,UK,59,management,married,tertiary,no,22.39,no,no,cellular,2,22,may,1,-1,0,unknown,yes
53950099,Glasgow,UK,38,management,married,tertiary,no,6.13,no,no,cellular,3,3,feb,1,-1,0,unknown,yes
22646496,Belfast,UK,36,unemployed,divorced,secondary,no,82.67,no,no,unknown,3,18,jun,2,-1,0,unknown,no
38765022,Manchester,UK,42,blue-collar,married,primary,no,21.03,yes,no,cellular,2,13,apr,2,-1,0,unknown,yes
36829399,Woking,UK,45,admin.,single,secondary,no,2.06,yes,no,unknown,3,5,may,1,-1,0,unknown,no
96857445,Bristol,UK,33,management,married,secondary,no,3.33,no,no,cellular,2,28,aug,6,-1,0,unknown,no
24127390,Southampton,UK,32,student,single,tertiary,no,0,no,no,cellular,2,4,feb,3,276,2,failure,yes
32453023,Huddersfield,UK,30,management,married,tertiary,no,3.14,no,no,cellular,2,19,nov,2,175,2,success,no
36347448,Birmingham,UK,34,admin.,single,secondary,no,0.88,yes,no,unknown,1,27,may,2,-1,0,unknown,no
48655000,Lincoln,UK,31,technician,married,tertiary,no,33.38,yes,no,cellular,4,21,dec,2,-1,0,unknown,yes
63651362,Lincoln,UK,28,technician,single,tertiary,no,3.87,yes,no,cellular,4,20,apr,1,82,1,failure,yes
57274088,Warrington,UK,42,blue-collar,married,unknown,no,0,no,no,unknown,4,26,may,2,-1,0,unknown,no
20348972,Cardiff,UK,56,management,married,secondary,no,2.38,yes,no,cellular,5,19,nov,1,-1,0,unknown,no
30469116,Oldham,UK,76,retired,married,primary,no,14.92,no,no,telephone,4,3,nov,1,-1,0,unknown,yes
82480523,Bolton,UK,38,admin.,married,secondary,no,0.46,no,no,cellular,1,7,aug,2,-1,0,unknown,no
81948451,Exeter,UK,31,services,single,secondary,no,-2.05,no,no,cellular,1,1,sep,1,579,1,failure,yes
28408615,London,UK,56,management,divorced,tertiary,no,105.32,no,no,cellular,3,7,aug,1,-1,0,unknown,yes
76027530,Gateshead,UK,36,entrepreneur,married,tertiary,no,0,no,no,unknown,1,2,jun,3,-1,0,unknown,no
78287833,Southport,UK,43,blue-collar,married,primary,no,-1.81,yes,no,cellular,5,17,apr,1,337,3,failure,no
97898524,Manchester,UK,33,blue-collar,married,secondary,no,3.79,yes,yes,cellular,3,16,jun,2,-1,0,unknown,yes
15368257,Birkenhead,UK,38,management,married,tertiary,no,26.56,no,no,cellular,4,8,jul,2,-1,0,unknown,no
96735730,Bristol,UK,27,technician,single,tertiary,no,151.61,no,no,cellular,4,2,jun,1,120,1,success,yes
45286581,Doncaster,UK,28,student,single,secondary,no,0.67,no,no,cellular,1,20,aug,3,199,2,other,yes
48391363,Stevenage,UK,38,technician,married,tertiary,no,32.34,no,no,cellular,1,18,nov,2,-1,0,unknown,yes
66365845,Swindon,UK,58,management,married,tertiary,no,16.97,no,no,unknown,4,20,jun,2,-1,0,unknown,no
